(acre-ft),Municipal,Agriculture,Industry,,date,days in month,Municipal,Agriculture,Industry,,,,,,,,,,,,,,,,,
January,"1,146.66",2.552,325.062,,1/1/11,31,36.99,0.08,10.49,,,,,,,,,,,,,,,,,
February,661.732,6.326,295.36,,1/2/11,31,36.99,0.08,10.49,,,,,,,,,,,,,,,,,
March,735.091,50.724,"2,234.30",,1/3/11,31,36.99,0.08,10.49,,,,,,,,,,,,,,,,,
April,816.214,77.379,"1,713.29",,1/4/11,31,36.99,0.08,10.49,,,,,,,,,,,,,,,,,
May,859.743,100.152,"1,183.36",,1/5/11,31,36.99,0.08,10.49,,,,,,,,,,,,,,,,,
June,"1,032.08",142.02,"2,264.35",,1/6/11,31,36.99,0.08,10.49,,,,,,,,,,,,,,,,,
July,878.846,125.233,"2,084.12",,1/7/11,31,36.99,0.08,10.49,,,,,,,,,,,,,,,,,
August,941.303,142.858,"3,224.15",,1/8/11,31,36.99,0.08,10.49,,,,,,,,,,,,,,,,,
September,"1,029.44",83.44,"3,799.75",,1/9/11,31,36.99,0.08,10.49,,,,,,,,,,,,,,,,,
October,"1,004.05",100.451,"1,767.21",,1/10/11,31,36.99,0.08,10.49,,,,,,,,,,,,,,,,,
November,782.556,24.947,"1,792.99",,1/11/11,31,36.99,0.08,10.49,,,,,,,,,,,,,,,,,
December,751.223,0.366,"1,912.73",,1/12/11,31,36.99,0.08,10.49,,,,,,,,,,,,,,,,,
,,,,,1/13/11,31,36.99,0.08,10.49,,,,,,,,,,,,,,,,,
,,,,,1/14/11,31,36.99,0.08,10.49,,,,,,,,,,,,,,,,,
,,,,,1/15/11,31,36.99,0.08,10.49,,,,,,,,,,,,,,,,,
,,,,,1/16/11,31,36.99,0.08,10.49,,,,,,,,,,,,,,,,,
,,,,,1/17/11,31,36.99,0.08,10.49,,,,,,,,,,,,,,,,,
,,,,,1/18/11,31,36.99,0.08,10.49,,,,,,,,,,,,,,,,,
,,,,,1/19/11,31,36.99,0.08,10.49,,,,,,,,,,,,,,,,,
,,,,,1/20/11,31,36.99,0.08,10.49,,,,,,,,,,,,,,,,,
,,,,,1/21/11,31,36.99,0.08,10.49,,,,,,,,,,,,,,,,,
,,,,,1/22/11,31,36.99,0.08,10.49,,,,,,,,,,,,,,,,,
,,,,,1/23/11,31,36.99,0.08,10.49,,,,,,,,,,,,,,,,,
,,,,,1/24/11,31,36.99,0.08,10.49,,,,,,,,,,,,,,,,,
,,,,,1/25/11,31,36.99,0.08,10.49,,,,,,,,,,,,,,,,,
,,,,,1/26/11,31,36.99,0.08,10.49,,,,,,,,,,,,,,,,,
,,,,,1/27/11,31,36.99,0.08,10.49,,,,,,,,,,,,,,,,,
,,,,,1/28/11,31,36.99,0.08,10.49,,,,,,,,,,,,,,,,,
,,,,,1/29/11,31,36.99,0.08,10.49,,,,,,,,,,,,,,,,,
,,,,,1/30/11,31,36.99,0.08,10.49,,,,,,,,,,,,,,,,,
,,,,,1/31/11,31,36.99,0.08,10.49,,,,,,,,,,,,,,,,,
,,,,,2/1/11,28,23.63,0.23,10.55,,,,,,,,,,,,,,,,,
,,,,,2/2/11,28,23.63,0.23,10.55,,,,,,,,,,,,,,,,,
,,,,,2/3/11,28,23.63,0.23,10.55,,,,,,,,,,,,,,,,,
,,,,,2/4/11,28,23.63,0.23,10.55,,,,,,,,,,,,,,,,,
,,,,,2/5/11,28,23.63,0.23,10.55,,,,,,,,,,,,,,,,,
,,,,,2/6/11,28,23.63,0.23,10.55,,,,,,,,,,,,,,,,,
,,,,,2/7/11,28,23.63,0.23,10.55,,,,,,,,,,,,,,,,,
,,,,,2/8/11,28,23.63,0.23,10.55,,,,,,,,,,,,,,,,,
,,,,,2/9/11,28,23.63,0.23,10.55,,,,,,,,,,,,,,,,,
,,,,,2/10/11,28,23.63,0.23,10.55,,,,,,,,,,,,,,,,,
,,,,,2/11/11,28,23.63,0.23,10.55,,,,,,,,,,,,,,,,,
,,,,,2/12/11,28,23.63,0.23,10.55,,,,,,,,,,,,,,,,,
,,,,,2/13/11,28,23.63,0.23,10.55,,,,,,,,,,,,,,,,,
,,,,,2/14/11,28,23.63,0.23,10.55,,,,,,,,,,,,,,,,,
,,,,,2/15/11,28,23.63,0.23,10.55,,,,,,,,,,,,,,,,,
,,,,,2/16/11,28,23.63,0.23,10.55,,,,,,,,,,,,,,,,,
,,,,,2/17/11,28,23.63,0.23,10.55,,,,,,,,,,,,,,,,,
,,,,,2/18/11,28,23.63,0.23,10.55,,,,,,,,,,,,,,,,,
,,,,,2/19/11,28,23.63,0.23,10.55,,,,,,,,,,,,,,,,,
,,,,,2/20/11,28,23.63,0.23,10.55,,,,,,,,,,,,,,,,,
,,,,,2/21/11,28,23.63,0.23,10.55,,,,,,,,,,,,,,,,,
,,,,,2/22/11,28,23.63,0.23,10.55,,,,,,,,,,,,,,,,,
,,,,,2/23/11,28,23.63,0.23,10.55,,,,,,,,,,,,,,,,,
,,,,,2/24/11,28,23.63,0.23,10.55,,,,,,,,,,,,,,,,,
,,,,,2/25/11,28,23.63,0.23,10.55,,,,,,,,,,,,,,,,,
,,,,,2/26/11,28,23.63,0.23,10.55,,,,,,,,,,,,,,,,,
,,,,,2/27/11,28,23.63,0.23,10.55,,,,,,,,,,,,,,,,,
,,,,,2/28/11,28,23.63,0.23,10.55,,,,,,,,,,,,,,,,,
,,,,,3/1/11,31,23.71,1.64,72.07,,,,,,,,,,,,,,,,,
,,,,,3/2/11,31,23.71,1.64,72.07,,,,,,,,,,,,,,,,,
,,,,,3/3/11,31,23.71,1.64,72.07,,,,,,,,,,,,,,,,,
,,,,,3/4/11,31,23.71,1.64,72.07,,,,,,,,,,,,,,,,,
,,,,,3/5/11,31,23.71,1.64,72.07,,,,,,,,,,,,,,,,,
,,,,,3/6/11,31,23.71,1.64,72.07,,,,,,,,,,,,,,,,,
,,,,,3/7/11,31,23.71,1.64,72.07,,,,,,,,,,,,,,,,,
,,,,,3/8/11,31,23.71,1.64,72.07,,,,,,,,,,,,,,,,,
,,,,,3/9/11,31,23.71,1.64,72.07,,,,,,,,,,,,,,,,,
,,,,,3/10/11,31,23.71,1.64,72.07,,,,,,,,,,,,,,,,,
,,,,,3/11/11,31,23.71,1.64,72.07,,,,,,,,,,,,,,,,,
,,,,,3/12/11,31,23.71,1.64,72.07,,,,,,,,,,,,,,,,,
,,,,,3/13/11,31,23.71,1.64,72.07,,,,,,,,,,,,,,,,,
,,,,,3/14/11,31,23.71,1.64,72.07,,,,,,,,,,,,,,,,,
,,,,,3/15/11,31,23.71,1.64,72.07,,,,,,,,,,,,,,,,,
,,,,,3/16/11,31,23.71,1.64,72.07,,,,,,,,,,,,,,,,,
,,,,,3/17/11,31,23.71,1.64,72.07,,,,,,,,,,,,,,,,,
,,,,,3/18/11,31,23.71,1.64,72.07,,,,,,,,,,,,,,,,,
,,,,,3/19/11,31,23.71,1.64,72.07,,,,,,,,,,,,,,,,,
,,,,,3/20/11,31,23.71,1.64,72.07,,,,,,,,,,,,,,,,,
,,,,,3/21/11,31,23.71,1.64,72.07,,,,,,,,,,,,,,,,,
,,,,,3/22/11,31,23.71,1.64,72.07,,,,,,,,,,,,,,,,,
,,,,,3/23/11,31,23.71,1.64,72.07,,,,,,,,,,,,,,,,,
,,,,,3/24/11,31,23.71,1.64,72.07,,,,,,,,,,,,,,,,,
,,,,,3/25/11,31,23.71,1.64,72.07,,,,,,,,,,,,,,,,,
,,,,,3/26/11,31,23.71,1.64,72.07,,,,,,,,,,,,,,,,,
,,,,,3/27/11,31,23.71,1.64,72.07,,,,,,,,,,,,,,,,,
,,,,,3/28/11,31,23.71,1.64,72.07,,,,,,,,,,,,,,,,,
,,,,,3/29/11,31,23.71,1.64,72.07,,,,,,,,,,,,,,,,,
,,,,,3/30/11,31,23.71,1.64,72.07,,,,,,,,,,,,,,,,,
,,,,,3/31/11,31,23.71,1.64,72.07,,,,,,,,,,,,,,,,,
,,,,,4/1/11,30,27.21,2.58,57.11,,,,,,,,,,,,,,,,,
,,,,,4/2/11,30,27.21,2.58,57.11,,,,,,,,,,,,,,,,,
,,,,,4/3/11,30,27.21,2.58,57.11,,,,,,,,,,,,,,,,,
,,,,,4/4/11,30,27.21,2.58,57.11,,,,,,,,,,,,,,,,,
,,,,,4/5/11,30,27.21,2.58,57.11,,,,,,,,,,,,,,,,,
,,,,,4/6/11,30,27.21,2.58,57.11,,,,,,,,,,,,,,,,,
,,,,,4/7/11,30,27.21,2.58,57.11,,,,,,,,,,,,,,,,,
,,,,,4/8/11,30,27.21,2.58,57.11,,,,,,,,,,,,,,,,,
,,,,,4/9/11,30,27.21,2.58,57.11,,,,,,,,,,,,,,,,,
,,,,,4/10/11,30,27.21,2.58,57.11,,,,,,,,,,,,,,,,,
,,,,,4/11/11,30,27.21,2.58,57.11,,,,,,,,,,,,,,,,,
,,,,,4/12/11,30,27.21,2.58,57.11,,,,,,,,,,,,,,,,,
,,,,,4/13/11,30,27.21,2.58,57.11,,,,,,,,,,,,,,,,,
,,,,,4/14/11,30,27.21,2.58,57.11,,,,,,,,,,,,,,,,,
,,,,,4/15/11,30,27.21,2.58,57.11,,,,,,,,,,,,,,,,,
,,,,,4/16/11,30,27.21,2.58,57.11,,,,,,,,,,,,,,,,,
,,,,,4/17/11,30,27.21,2.58,57.11,,,,,,,,,,,,,,,,,
,,,,,4/18/11,30,27.21,2.58,57.11,,,,,,,,,,,,,,,,,
,,,,,4/19/11,30,27.21,2.58,57.11,,,,,,,,,,,,,,,,,
,,,,,4/20/11,30,27.21,2.58,57.11,,,,,,,,,,,,,,,,,
,,,,,4/21/11,30,27.21,2.58,57.11,,,,,,,,,,,,,,,,,
,,,,,4/22/11,30,27.21,2.58,57.11,,,,,,,,,,,,,,,,,
,,,,,4/23/11,30,27.21,2.58,57.11,,,,,,,,,,,,,,,,,
,,,,,4/24/11,30,27.21,2.58,57.11,,,,,,,,,,,,,,,,,
,,,,,4/25/11,30,27.21,2.58,57.11,,,,,,,,,,,,,,,,,
,,,,,4/26/11,30,27.21,2.58,57.11,,,,,,,,,,,,,,,,,
,,,,,4/27/11,30,27.21,2.58,57.11,,,,,,,,,,,,,,,,,
,,,,,4/28/11,30,27.21,2.58,57.11,,,,,,,,,,,,,,,,,
,,,,,4/29/11,30,27.21,2.58,57.11,,,,,,,,,,,,,,,,,
,,,,,4/30/11,30,27.21,2.58,57.11,,,,,,,,,,,,,,,,,
,,,,,5/1/11,31,27.73,3.23,38.17,,,,,,,,,,,,,,,,,
,,,,,5/2/11,31,27.73,3.23,38.17,,,,,,,,,,,,,,,,,
,,,,,5/3/11,31,27.73,3.23,38.17,,,,,,,,,,,,,,,,,
,,,,,5/4/11,31,27.73,3.23,38.17,,,,,,,,,,,,,,,,,
,,,,,5/5/11,31,27.73,3.23,38.17,,,,,,,,,,,,,,,,,
,,,,,5/6/11,31,27.73,3.23,38.17,,,,,,,,,,,,,,,,,
,,,,,5/7/11,31,27.73,3.23,38.17,,,,,,,,,,,,,,,,,
,,,,,5/8/11,31,27.73,3.23,38.17,,,,,,,,,,,,,,,,,
,,,,,5/9/11,31,27.73,3.23,38.17,,,,,,,,,,,,,,,,,
,,,,,5/10/11,31,27.73,3.23,38.17,,,,,,,,,,,,,,,,,
,,,,,5/11/11,31,27.73,3.23,38.17,,,,,,,,,,,,,,,,,
,,,,,5/12/11,31,27.73,3.23,38.17,,,,,,,,,,,,,,,,,
,,,,,5/13/11,31,27.73,3.23,38.17,,,,,,,,,,,,,,,,,
,,,,,5/14/11,31,27.73,3.23,38.17,,,,,,,,,,,,,,,,,
,,,,,5/15/11,31,27.73,3.23,38.17,,,,,,,,,,,,,,,,,
,,,,,5/16/11,31,27.73,3.23,38.17,,,,,,,,,,,,,,,,,
,,,,,5/17/11,31,27.73,3.23,38.17,,,,,,,,,,,,,,,,,
,,,,,5/18/11,31,27.73,3.23,38.17,,,,,,,,,,,,,,,,,
,,,,,5/19/11,31,27.73,3.23,38.17,,,,,,,,,,,,,,,,,
,,,,,5/20/11,31,27.73,3.23,38.17,,,,,,,,,,,,,,,,,
,,,,,5/21/11,31,27.73,3.23,38.17,,,,,,,,,,,,,,,,,
,,,,,5/22/11,31,27.73,3.23,38.17,,,,,,,,,,,,,,,,,
,,,,,5/23/11,31,27.73,3.23,38.17,,,,,,,,,,,,,,,,,
,,,,,5/24/11,31,27.73,3.23,38.17,,,,,,,,,,,,,,,,,
,,,,,5/25/11,31,27.73,3.23,38.17,,,,,,,,,,,,,,,,,
,,,,,5/26/11,31,27.73,3.23,38.17,,,,,,,,,,,,,,,,,
,,,,,5/27/11,31,27.73,3.23,38.17,,,,,,,,,,,,,,,,,
,,,,,5/28/11,31,27.73,3.23,38.17,,,,,,,,,,,,,,,,,
,,,,,5/29/11,31,27.73,3.23,38.17,,,,,,,,,,,,,,,,,
,,,,,5/30/11,31,27.73,3.23,38.17,,,,,,,,,,,,,,,,,
,,,,,5/31/11,31,27.73,3.23,38.17,,,,,,,,,,,,,,,,,
,,,,,6/1/11,30,34.4,4.73,75.48,,,,,,,,,,,,,,,,,
,,,,,6/2/11,30,34.4,4.73,75.48,,,,,,,,,,,,,,,,,
,,,,,6/3/11,30,34.4,4.73,75.48,,,,,,,,,,,,,,,,,
,,,,,6/4/11,30,34.4,4.73,75.48,,,,,,,,,,,,,,,,,
,,,,,6/5/11,30,34.4,4.73,75.48,,,,,,,,,,,,,,,,,
,,,,,6/6/11,30,34.4,4.73,75.48,,,,,,,,,,,,,,,,,
,,,,,6/7/11,30,34.4,4.73,75.48,,,,,,,,,,,,,,,,,
,,,,,6/8/11,30,34.4,4.73,75.48,,,,,,,,,,,,,,,,,
,,,,,6/9/11,30,34.4,4.73,75.48,,,,,,,,,,,,,,,,,
,,,,,6/10/11,30,34.4,4.73,75.48,,,,,,,,,,,,,,,,,
,,,,,6/11/11,30,34.4,4.73,75.48,,,,,,,,,,,,,,,,,
,,,,,6/12/11,30,34.4,4.73,75.48,,,,,,,,,,,,,,,,,
,,,,,6/13/11,30,34.4,4.73,75.48,,,,,,,,,,,,,,,,,
,,,,,6/14/11,30,34.4,4.73,75.48,,,,,,,,,,,,,,,,,
,,,,,6/15/11,30,34.4,4.73,75.48,,,,,,,,,,,,,,,,,
,,,,,6/16/11,30,34.4,4.73,75.48,,,,,,,,,,,,,,,,,
,,,,,6/17/11,30,34.4,4.73,75.48,,,,,,,,,,,,,,,,,
,,,,,6/18/11,30,34.4,4.73,75.48,,,,,,,,,,,,,,,,,
,,,,,6/19/11,30,34.4,4.73,75.48,,,,,,,,,,,,,,,,,
,,,,,6/20/11,30,34.4,4.73,75.48,,,,,,,,,,,,,,,,,
,,,,,6/21/11,30,34.4,4.73,75.48,,,,,,,,,,,,,,,,,
,,,,,6/22/11,30,34.4,4.73,75.48,,,,,,,,,,,,,,,,,
,,,,,6/23/11,30,34.4,4.73,75.48,,,,,,,,,,,,,,,,,
,,,,,6/24/11,30,34.4,4.73,75.48,,,,,,,,,,,,,,,,,
,,,,,6/25/11,30,34.4,4.73,75.48,,,,,,,,,,,,,,,,,
,,,,,6/26/11,30,34.4,4.73,75.48,,,,,,,,,,,,,,,,,
,,,,,6/27/11,30,34.4,4.73,75.48,,,,,,,,,,,,,,,,,
,,,,,6/28/11,30,34.4,4.73,75.48,,,,,,,,,,,,,,,,,
,,,,,6/29/11,30,34.4,4.73,75.48,,,,,,,,,,,,,,,,,
,,,,,6/30/11,30,34.4,4.73,75.48,,,,,,,,,,,,,,,,,
,,,,,7/1/11,31,28.35,4.04,67.23,,,,,,,,,,,,,,,,,
,,,,,7/2/11,31,28.35,4.04,67.23,,,,,,,,,,,,,,,,,
,,,,,7/3/11,31,28.35,4.04,67.23,,,,,,,,,,,,,,,,,
,,,,,7/4/11,31,28.35,4.04,67.23,,,,,,,,,,,,,,,,,
,,,,,7/5/11,31,28.35,4.04,67.23,,,,,,,,,,,,,,,,,
,,,,,7/6/11,31,28.35,4.04,67.23,,,,,,,,,,,,,,,,,
,,,,,7/7/11,31,28.35,4.04,67.23,,,,,,,,,,,,,,,,,
,,,,,7/8/11,31,28.35,4.04,67.23,,,,,,,,,,,,,,,,,
,,,,,7/9/11,31,28.35,4.04,67.23,,,,,,,,,,,,,,,,,
,,,,,7/10/11,31,28.35,4.04,67.23,,,,,,,,,,,,,,,,,
,,,,,7/11/11,31,28.35,4.04,67.23,,,,,,,,,,,,,,,,,
,,,,,7/12/11,31,28.35,4.04,67.23,,,,,,,,,,,,,,,,,
,,,,,7/13/11,31,28.35,4.04,67.23,,,,,,,,,,,,,,,,,
,,,,,7/14/11,31,28.35,4.04,67.23,,,,,,,,,,,,,,,,,
,,,,,7/15/11,31,28.35,4.04,67.23,,,,,,,,,,,,,,,,,
,,,,,7/16/11,31,28.35,4.04,67.23,,,,,,,,,,,,,,,,,
,,,,,7/17/11,31,28.35,4.04,67.23,,,,,,,,,,,,,,,,,
,,,,,7/18/11,31,28.35,4.04,67.23,,,,,,,,,,,,,,,,,
,,,,,7/19/11,31,28.35,4.04,67.23,,,,,,,,,,,,,,,,,
,,,,,7/20/11,31,28.35,4.04,67.23,,,,,,,,,,,,,,,,,
,,,,,7/21/11,31,28.35,4.04,67.23,,,,,,,,,,,,,,,,,
,,,,,7/22/11,31,28.35,4.04,67.23,,,,,,,,,,,,,,,,,
,,,,,7/23/11,31,28.35,4.04,67.23,,,,,,,,,,,,,,,,,
,,,,,7/24/11,31,28.35,4.04,67.23,,,,,,,,,,,,,,,,,
,,,,,7/25/11,31,28.35,4.04,67.23,,,,,,,,,,,,,,,,,
,,,,,7/26/11,31,28.35,4.04,67.23,,,,,,,,,,,,,,,,,
,,,,,7/27/11,31,28.35,4.04,67.23,,,,,,,,,,,,,,,,,
,,,,,7/28/11,31,28.35,4.04,67.23,,,,,,,,,,,,,,,,,
,,,,,7/29/11,31,28.35,4.04,67.23,,,,,,,,,,,,,,,,,
,,,,,7/30/11,31,28.35,4.04,67.23,,,,,,,,,,,,,,,,,
,,,,,7/31/11,31,28.35,4.04,67.23,,,,,,,,,,,,,,,,,
,,,,,8/1/11,31,30.36,4.61,104,,,,,,,,,,,,,,,,,
,,,,,8/2/11,31,30.36,4.61,104,,,,,,,,,,,,,,,,,
,,,,,8/3/11,31,30.36,4.61,104,,,,,,,,,,,,,,,,,
,,,,,8/4/11,31,30.36,4.61,104,,,,,,,,,,,,,,,,,
,,,,,8/5/11,31,30.36,4.61,104,,,,,,,,,,,,,,,,,
,,,,,8/6/11,31,30.36,4.61,104,,,,,,,,,,,,,,,,,
,,,,,8/7/11,31,30.36,4.61,104,,,,,,,,,,,,,,,,,
,,,,,8/8/11,31,30.36,4.61,104,,,,,,,,,,,,,,,,,
,,,,,8/9/11,31,30.36,4.61,104,,,,,,,,,,,,,,,,,
,,,,,8/10/11,31,30.36,4.61,104,,,,,,,,,,,,,,,,,
,,,,,8/11/11,31,30.36,4.61,104,,,,,,,,,,,,,,,,,
,,,,,8/12/11,31,30.36,4.61,104,,,,,,,,,,,,,,,,,
,,,,,8/13/11,31,30.36,4.61,104,,,,,,,,,,,,,,,,,
,,,,,8/14/11,31,30.36,4.61,104,,,,,,,,,,,,,,,,,
,,,,,8/15/11,31,30.36,4.61,104,,,,,,,,,,,,,,,,,
,,,,,8/16/11,31,30.36,4.61,104,,,,,,,,,,,,,,,,,
,,,,,8/17/11,31,30.36,4.61,104,,,,,,,,,,,,,,,,,
,,,,,8/18/11,31,30.36,4.61,104,,,,,,,,,,,,,,,,,
,,,,,8/19/11,31,30.36,4.61,104,,,,,,,,,,,,,,,,,
,,,,,8/20/11,31,30.36,4.61,104,,,,,,,,,,,,,,,,,
,,,,,8/21/11,31,30.36,4.61,104,,,,,,,,,,,,,,,,,
,,,,,8/22/11,31,30.36,4.61,104,,,,,,,,,,,,,,,,,
,,,,,8/23/11,31,30.36,4.61,104,,,,,,,,,,,,,,,,,
,,,,,8/24/11,31,30.36,4.61,104,,,,,,,,,,,,,,,,,
,,,,,8/25/11,31,30.36,4.61,104,,,,,,,,,,,,,,,,,
,,,,,8/26/11,31,30.36,4.61,104,,,,,,,,,,,,,,,,,
,,,,,8/27/11,31,30.36,4.61,104,,,,,,,,,,,,,,,,,
,,,,,8/28/11,31,30.36,4.61,104,,,,,,,,,,,,,,,,,
,,,,,8/29/11,31,30.36,4.61,104,,,,,,,,,,,,,,,,,
,,,,,8/30/11,31,30.36,4.61,104,,,,,,,,,,,,,,,,,
,,,,,8/31/11,31,30.36,4.61,104,,,,,,,,,,,,,,,,,
,,,,,9/1/11,30,34.31,2.78,126.66,,,,,,,,,,,,,,,,,
,,,,,9/2/11,30,34.31,2.78,126.66,,,,,,,,,,,,,,,,,
,,,,,9/3/11,30,34.31,2.78,126.66,,,,,,,,,,,,,,,,,
,,,,,9/4/11,30,34.31,2.78,126.66,,,,,,,,,,,,,,,,,
,,,,,9/5/11,30,34.31,2.78,126.66,,,,,,,,,,,,,,,,,
,,,,,9/6/11,30,34.31,2.78,126.66,,,,,,,,,,,,,,,,,
,,,,,9/7/11,30,34.31,2.78,126.66,,,,,,,,,,,,,,,,,
,,,,,9/8/11,30,34.31,2.78,126.66,,,,,,,,,,,,,,,,,
,,,,,9/9/11,30,34.31,2.78,126.66,,,,,,,,,,,,,,,,,
,,,,,9/10/11,30,34.31,2.78,126.66,,,,,,,,,,,,,,,,,
,,,,,9/11/11,30,34.31,2.78,126.66,,,,,,,,,,,,,,,,,
,,,,,9/12/11,30,34.31,2.78,126.66,,,,,,,,,,,,,,,,,
,,,,,9/13/11,30,34.31,2.78,126.66,,,,,,,,,,,,,,,,,
,,,,,9/14/11,30,34.31,2.78,126.66,,,,,,,,,,,,,,,,,
,,,,,9/15/11,30,34.31,2.78,126.66,,,,,,,,,,,,,,,,,
,,,,,9/16/11,30,34.31,2.78,126.66,,,,,,,,,,,,,,,,,
,,,,,9/17/11,30,34.31,2.78,126.66,,,,,,,,,,,,,,,,,
,,,,,9/18/11,30,34.31,2.78,126.66,,,,,,,,,,,,,,,,,
,,,,,9/19/11,30,34.31,2.78,126.66,,,,,,,,,,,,,,,,,
,,,,,9/20/11,30,34.31,2.78,126.66,,,,,,,,,,,,,,,,,
,,,,,9/21/11,30,34.31,2.78,126.66,,,,,,,,,,,,,,,,,
,,,,,9/22/11,30,34.31,2.78,126.66,,,,,,,,,,,,,,,,,
,,,,,9/23/11,30,34.31,2.78,126.66,,,,,,,,,,,,,,,,,
,,,,,9/24/11,30,34.31,2.78,126.66,,,,,,,,,,,,,,,,,
,,,,,9/25/11,30,34.31,2.78,126.66,,,,,,,,,,,,,,,,,
,,,,,9/26/11,30,34.31,2.78,126.66,,,,,,,,,,,,,,,,,
,,,,,9/27/11,30,34.31,2.78,126.66,,,,,,,,,,,,,,,,,
,,,,,9/28/11,30,34.31,2.78,126.66,,,,,,,,,,,,,,,,,
,,,,,9/29/11,30,34.31,2.78,126.66,,,,,,,,,,,,,,,,,
,,,,,9/30/11,30,34.31,2.78,126.66,,,,,,,,,,,,,,,,,
,,,,,10/1/11,31,32.39,3.24,57.01,,,,,,,,,,,,,,,,,
,,,,,10/2/11,31,32.39,3.24,57.01,,,,,,,,,,,,,,,,,
,,,,,10/3/11,31,32.39,3.24,57.01,,,,,,,,,,,,,,,,,
,,,,,10/4/11,31,32.39,3.24,57.01,,,,,,,,,,,,,,,,,
,,,,,10/5/11,31,32.39,3.24,57.01,,,,,,,,,,,,,,,,,
,,,,,10/6/11,31,32.39,3.24,57.01,,,,,,,,,,,,,,,,,
,,,,,10/7/11,31,32.39,3.24,57.01,,,,,,,,,,,,,,,,,
,,,,,10/8/11,31,32.39,3.24,57.01,,,,,,,,,,,,,,,,,
,,,,,10/9/11,31,32.39,3.24,57.01,,,,,,,,,,,,,,,,,
,,,,,10/10/11,31,32.39,3.24,57.01,,,,,,,,,,,,,,,,,
,,,,,10/11/11,31,32.39,3.24,57.01,,,,,,,,,,,,,,,,,
,,,,,10/12/11,31,32.39,3.24,57.01,,,,,,,,,,,,,,,,,
,,,,,10/13/11,31,32.39,3.24,57.01,,,,,,,,,,,,,,,,,
,,,,,10/14/11,31,32.39,3.24,57.01,,,,,,,,,,,,,,,,,
,,,,,10/15/11,31,32.39,3.24,57.01,,,,,,,,,,,,,,,,,
,,,,,10/16/11,31,32.39,3.24,57.01,,,,,,,,,,,,,,,,,
,,,,,10/17/11,31,32.39,3.24,57.01,,,,,,,,,,,,,,,,,
,,,,,10/18/11,31,32.39,3.24,57.01,,,,,,,,,,,,,,,,,
,,,,,10/19/11,31,32.39,3.24,57.01,,,,,,,,,,,,,,,,,
,,,,,10/20/11,31,32.39,3.24,57.01,,,,,,,,,,,,,,,,,
,,,,,10/21/11,31,32.39,3.24,57.01,,,,,,,,,,,,,,,,,
,,,,,10/22/11,31,32.39,3.24,57.01,,,,,,,,,,,,,,,,,
,,,,,10/23/11,31,32.39,3.24,57.01,,,,,,,,,,,,,,,,,
,,,,,10/24/11,31,32.39,3.24,57.01,,,,,,,,,,,,,,,,,
,,,,,10/25/11,31,32.39,3.24,57.01,,,,,,,,,,,,,,,,,
,,,,,10/26/11,31,32.39,3.24,57.01,,,,,,,,,,,,,,,,,
,,,,,10/27/11,31,32.39,3.24,57.01,,,,,,,,,,,,,,,,,
,,,,,10/28/11,31,32.39,3.24,57.01,,,,,,,,,,,,,,,,,
,,,,,10/29/11,31,32.39,3.24,57.01,,,,,,,,,,,,,,,,,
,,,,,10/30/11,31,32.39,3.24,57.01,,,,,,,,,,,,,,,,,
,,,,,10/31/11,31,32.39,3.24,57.01,,,,,,,,,,,,,,,,,
,,,,,11/1/11,30,26.09,0.83,59.77,,,,,,,,,,,,,,,,,
,,,,,11/2/11,30,26.09,0.83,59.77,,,,,,,,,,,,,,,,,
,,,,,11/3/11,30,26.09,0.83,59.77,,,,,,,,,,,,,,,,,
,,,,,11/4/11,30,26.09,0.83,59.77,,,,,,,,,,,,,,,,,
,,,,,11/5/11,30,26.09,0.83,59.77,,,,,,,,,,,,,,,,,
,,,,,11/6/11,30,26.09,0.83,59.77,,,,,,,,,,,,,,,,,
,,,,,11/7/11,30,26.09,0.83,59.77,,,,,,,,,,,,,,,,,
,,,,,11/8/11,30,26.09,0.83,59.77,,,,,,,,,,,,,,,,,
,,,,,11/9/11,30,26.09,0.83,59.77,,,,,,,,,,,,,,,,,
,,,,,11/10/11,30,26.09,0.83,59.77,,,,,,,,,,,,,,,,,
,,,,,11/11/11,30,26.09,0.83,59.77,,,,,,,,,,,,,,,,,
,,,,,11/12/11,30,26.09,0.83,59.77,,,,,,,,,,,,,,,,,
,,,,,11/13/11,30,26.09,0.83,59.77,,,,,,,,,,,,,,,,,
,,,,,11/14/11,30,26.09,0.83,59.77,,,,,,,,,,,,,,,,,
,,,,,11/15/11,30,26.09,0.83,59.77,,,,,,,,,,,,,,,,,
,,,,,11/16/11,30,26.09,0.83,59.77,,,,,,,,,,,,,,,,,
,,,,,11/17/11,30,26.09,0.83,59.77,,,,,,,,,,,,,,,,,
,,,,,11/18/11,30,26.09,0.83,59.77,,,,,,,,,,,,,,,,,
,,,,,11/19/11,30,26.09,0.83,59.77,,,,,,,,,,,,,,,,,
,,,,,11/20/11,30,26.09,0.83,59.77,,,,,,,,,,,,,,,,,
,,,,,11/21/11,30,26.09,0.83,59.77,,,,,,,,,,,,,,,,,
,,,,,11/22/11,30,26.09,0.83,59.77,,,,,,,,,,,,,,,,,
,,,,,11/23/11,30,26.09,0.83,59.77,,,,,,,,,,,,,,,,,
,,,,,11/24/11,30,26.09,0.83,59.77,,,,,,,,,,,,,,,,,
,,,,,11/25/11,30,26.09,0.83,59.77,,,,,,,,,,,,,,,,,
,,,,,11/26/11,30,26.09,0.83,59.77,,,,,,,,,,,,,,,,,
,,,,,11/27/11,30,26.09,0.83,59.77,,,,,,,,,,,,,,,,,
,,,,,11/28/11,30,26.09,0.83,59.77,,,,,,,,,,,,,,,,,
,,,,,11/29/11,30,26.09,0.83,59.77,,,,,,,,,,,,,,,,,
,,,,,11/30/11,30,26.09,0.83,59.77,,,,,,,,,,,,,,,,,
,,,,,12/1/11,31,24.23,0.01,61.7,,,,,,,,,,,,,,,,,
,,,,,12/2/11,31,24.23,0.01,61.7,,,,,,,,,,,,,,,,,
,,,,,12/3/11,31,24.23,0.01,61.7,,,,,,,,,,,,,,,,,
,,,,,12/4/11,31,24.23,0.01,61.7,,,,,,,,,,,,,,,,,
,,,,,12/5/11,31,24.23,0.01,61.7,,,,,,,,,,,,,,,,,
,,,,,12/6/11,31,24.23,0.01,61.7,,,,,,,,,,,,,,,,,
,,,,,12/7/11,31,24.23,0.01,61.7,,,,,,,,,,,,,,,,,
,,,,,12/8/11,31,24.23,0.01,61.7,,,,,,,,,,,,,,,,,
,,,,,12/9/11,31,24.23,0.01,61.7,,,,,,,,,,,,,,,,,
,,,,,12/10/11,31,24.23,0.01,61.7,,,,,,,,,,,,,,,,,
,,,,,12/11/11,31,24.23,0.01,61.7,,,,,,,,,,,,,,,,,
,,,,,12/12/11,31,24.23,0.01,61.7,,,,,,,,,,,,,,,,,
,,,,,12/13/11,31,24.23,0.01,61.7,,,,,,,,,,,,,,,,,
,,,,,12/14/11,31,24.23,0.01,61.7,,,,,,,,,,,,,,,,,
,,,,,12/15/11,31,24.23,0.01,61.7,,,,,,,,,,,,,,,,,
,,,,,12/16/11,31,24.23,0.01,61.7,,,,,,,,,,,,,,,,,
,,,,,12/17/11,31,24.23,0.01,61.7,,,,,,,,,,,,,,,,,
,,,,,12/18/11,31,24.23,0.01,61.7,,,,,,,,,,,,,,,,,
,,,,,12/19/11,31,24.23,0.01,61.7,,,,,,,,,,,,,,,,,
,,,,,12/20/11,31,24.23,0.01,61.7,,,,,,,,,,,,,,,,,
,,,,,12/21/11,31,24.23,0.01,61.7,,,,,,,,,,,,,,,,,
,,,,,12/22/11,31,24.23,0.01,61.7,,,,,,,,,,,,,,,,,
,,,,,12/23/11,31,24.23,0.01,61.7,,,,,,,,,,,,,,,,,
,,,,,12/24/11,31,24.23,0.01,61.7,,,,,,,,,,,,,,,,,
,,,,,12/25/11,31,24.23,0.01,61.7,,,,,,,,,,,,,,,,,
,,,,,12/26/11,31,24.23,0.01,61.7,,,,,,,,,,,,,,,,,
,,,,,12/27/11,31,24.23,0.01,61.7,,,,,,,,,,,,,,,,,
,,,,,12/28/11,31,24.23,0.01,61.7,,,,,,,,,,,,,,,,,
,,,,,12/29/11,31,24.23,0.01,61.7,,,,,,,,,,,,,,,,,
,,,,,12/30/11,31,24.23,0.01,61.7,,,,,,,,,,,,,,,,,
,,,,,12/31/11,31,24.23,0.01,61.7,,,,,,,,,,,,,,,,,
,,,,,,,,,,,,,,,,,,,,,,,,,,
,,,,,,,,,,,,,,,,,,,,,,,,,,
,,,,,,,,,,,,,,,,,,,,,,,,,,
,,,,,,,,,,,,,,,,,,,,,,,,,,
,,,,,,,,,,,,,,,,,,,,,,,,,,
,,,,,,,,,,,,,,,,,,,,,,,,,,
,,,,,,,,,,,,,,,,,,,,,,,,,,
,,,,,,,,,,,,,,,,,,,,,,,,,,
,,,,,,,,,,,,,,,,,,,,,,,,,,
,WESTWOOD,WATERWOOD,,,,SMALL,MUNICIPAL/,WATERWD,ROYAL,FOUNTAIN,WHISP.,MEM. PT.,WESTWD,JAY E ,Bethy,Waterfront,TRINITY,Jimmy,,,,SMITH & ,,TENNESSEE,,
PURCHASER,SHORES MUD,MUD,LRWSS,HRWSS,TCRWSS,WATER,DOMESTIC,NATIONAL,PINES ,LK TWNHS,PINES GLF,TWNHSE,SHORES,MINKS,Creek,Dvlpmnt,PLNTTN,Thornton,IRRIGATION,TX. UTILITIES,TENASKA,COMPANY,PINTO,GAS,"BROOKSTONE,",MONTHLY
,,,,,,SALES,MONTHLY,RESORT,L.P.,ASSOC.,CLUB,,POA,,Resort,Cedar Pt,,,MONTHLY ,GEN. CO.,(INCL. HRWSS),CONSTRUCTION,CONSTRUCTION, PIPELINE,L.P.,TOTAL
ANNUAL CONTRACT AMOUNT,100.00 AF,224.03 AF,5601.10 AF,11201.42 AF,  2800.36 AF,1/2 AF PERMIT,TOTAL,100.00 AF,20.00AF,10.00 AF,250.00 AF,10.00 AF,10.00 AF,10.00 AF,10.00 AF,10.00 AF,10.00 AF,10.00 AF,TOTAL,"20,000.00 AF","6,720.860AF",10.00 AF,10.00 AF,15.00 AF,10,
CONTRACT EXPIRATION DATE, 12-01-2032, 11-30-2037,2/22/20,12/1/20,12/1/20, 12-31-11,, 11-30-2013, 11-30-2015, 11-30-2015, 11-30-2013, 11-30-2015,11/30/13,11/30/12, 11-30-2014,11/30/12, 11-30-2014, 7-31-2012,, 12-31-2031, 12-31-2020, 4-30-2011, 4-30-2011, 7-31-2012, 7-31-2012,
,,,,,,* See Explanation,,,,,,,,,,,,,,,,,,,,
JANUARY,0,0,170.501,379.6919,75.967,520.5,1146.66,0,0,0,2.471,0,0,0.081,0,0,0,,2.552,38.836,286.226,0,0,,,325.062
,,,,,,,,,,,,,,,,,,,,,,,,,,
FEBRUARY,0,0,164.173,365.879,64.68,67,661.73,0,0.59,0.14,4.765,0,0.457,0.372,0,0,0,,6.326,34.136,261.224,0,0,,,295.36
,,,,,,,,,,,,,,,,,,,,,,,,,,
MARCH,0,3.233,177.618,448.521,77.219,28.5,735.09,11.26,4.83,0,34.262,0,0,0.376,0,0,0,,50.724,"2,061.74",172.561,0,0,,,"2,234.30"
,,,,,,,,,,,,,,,,,,,,,,,,,,
APRIL,0,3.593,194.844,523.703,69.575,24.5,816.21,18.9,6.13,0.245,51.854,0.003,0,0.018,0,0.232,0,,77.379,"1,356.79",356.494,0,0,,,"1,713.29"
,,,,,,,,,,,,,,,,,,,,,,,,,,
MAY,0,2.508,216.9857,555.49,77.76,7,859.74,27.75,8.22,0.003,54.727,0,6.738,1.057,0,0,1.657,,100.152,859.37,323.992,,,,,"1,183.36"
,,,,,,,,,,,,,,,,,,,,,,,,,,
JUNE,20.219,2.9688,247.9354,661.557,81.4022,18,1032.08,31.73,10.88,0.168,94.4874,0,2.806,0.611,0.262,0,1.074,,142.02,"1,796.48",467.873,,,,,"2,264.35"
,,,,,,,,,,,,,,,,,,,,,,,,,,
JULY,40.5464,3.7493,225.9051,513.7655,79.8801,15,878.85,22.74,8.83,0.1574,92.0306,0,0,0.346,0.113,0,1.019,,125.233,"1,324.76",759.362,,,,,"2,084.12"
,,,,,,,,,,,,,,,,,,,,,,,,,,
AUGUST,29.4002,4.3287,248.6597,556.5703,87.8438,14.5,941.3,21.92,9.66,0.0023,104.2023,0,0,0.011,0.175,0,0.807,6.076,142.858,"2,443.64",777.217,,,0,3.294,"3,224.15"
,,,,,,,,,,,,,,,,,,,,,,,,,,
SEPTEMBER,0,4.7792,223.2892,720.6576,75.7156,5,1029.44,15.53,5.47,0,62.2327,0,0,0.011,0.049,0,0.147,0,83.44,"3,372.23",427.521,,,0,0,"3,799.75"
,,,,,,,,,,,,,,,,,,,,,,,,,,
OCTOBER,10.0555,3.7888,199.2567,724.9878,64.9653,1,1004.05,16.23,6.24,0,77.9864,0,0,0,0,0,0,0,100.451,"1,749.11",4.444,,,13.653,0,"1,767.21"
,,,,,,,,,,,,,,,,,,,,,,,,,,
NOVEMBER,0,2.676,168.5709,560.1732,48.6357,2.5,782.56,0,1.29,0,23.6548,0,0,0,0,0,0,0,24.947,"1,600.21",192.784,,,0,0,"1,792.99"
,,,,,,,,,,,,,,,,,,,,,,,,,,
DECEMBER,0,3.9184,145.1584,551.2734,50.8729,0,751.22,0,0,0,0.3656,0,0,0,0,0,0,0,0.366,"1,635.18",277.553,,,0,0,"1,912.73"
,,,,,,,,,,,,,,,,,,,,,,,,,,
MONTHLY SUBTOTAL,100.221,35.543,"2,382.90","6,562.27",854.516,703.5,10638.95,166.05,62.15,0.716,603.039,0.003,10,2.883,0.598,0.232,4.704,6.076,856.447,"18,272.49","4,307.25",0,0,13.653,3.294,"22,596.69"